{"learner":{"attributes":{},"feature_names":[],"feature_types":[],"gradient_booster":{"model":{"gbtree_model_param":{"num_parallel_tree":"1","num_trees":"3"},"iteration_indptr":[0,1,2,3],"tree_info":[0,0,0],"trees":[{"base_weights":[-2.8997955E-3,-1.4043448E0,1.5808817E0,-1.4866148E0,9.319754E-1,1.8928812E0,-8.938462E-1,-8.2866386E-2,-1.5255462E0,2.011169E-1,-7.126426E-1,2.0825772E0,-4.3690455E-1,1.8990983E-1,-1.477331E0,8.6779416E-1,-1.0923059E0,-1.542584E0,5.313478E-1,4.2880166E-2,-1.2146085E-1,6.010702E-1,2.2883606E0,1.7967606E0,-1.375008E0,6.269165E-2,-1.5996884E-1,1.5052946E-1,-5.9661813E-2,-0E0,-1.2856193E-1,-1.5912188E-2,-1.5630929E-1,1.1606485E-1,-2.3701934E-3,1.8038575E-1,4.064874E-3,-8.047128E-2,2.3271425E-1,1.9649439E-1,-0E0,4.2880166E-2,-1.5589485E-1],"categories":[],"categories_nodes":[],"categories_segments":[],"categories_sizes":[],"default_left":[0,0,0,0,0,0,0,0,0,0,0,0,0,0,0,0,0,0,0,0,0,0,0,0,0,0,0,0,0,0,0,0,0,0,0,0,0,0,0,0,0,0,0],"id":0,"left_children":[1,3,5,7,9,11,13,15,17,-1,19,21,23,-1,25,27,29,31,33,-1,-1,35,37,39,41,-1,-1,-1,-1,-1,-1,-1,-1,-1,-1,-1,-1,-1,-1,-1,-1,-1,-1],"loss_changes":[1.9716849E3,9.259772E1,3.244547E2,2.3208252E1,3.1564535E1,1.6641064E2,7.8939835E1,1.4671789E1,1.7368042E1,0E0,5.2071857E0,1.00430176E2,6.144182E1,0E0,1.2201759E1,8.613953E0,1.5745335E0,1.0525879E1,2.5280352E0,0E0,0E0,2.7627525E1,3.9450928E1,7.070236E-1,8.714134E0,0E0,0E0,0E0,0E0,0E0,0E0,0E0,0E0,0E0,0E0,0E0,0E0,0E0,0E0,0E0,0E0,0E0,0E0],"parents":[2147483647,0,0,1,1,2,2,3,3,4,4,5,5,6,6,7,7,8,8,10,10,11,11,12,12,14,14,15,15,16,16,17,17,18,18,21,21,22,22,23,23,24,24],"right_children":[2,4,6,8,10,12,14,16,18,-1,20,22,24,-1,26,28,30,32,34,-1,-1,36,38,40,42,-1,-1,-1,-1,-1,-1,-1,-1,-1,-1,-1,-1,-1,-1,-1,-1,-1,-1],"split_conditions":[-7.8E1,1.98E2,-1.14E2,-7E1,-2E1,1.82E2,-1.81E2,5.6E1,2.15E2,2.011169E-1,-2.47E2,4.7E1,1.97E2,1.8990983E-1,-2.96E2,2.91E2,-2.6E2,-8.19E2,2E0,4.2880166E-2,-1.2146085E-1,-6.7E1,-1.99E2,2E0,-9.21E2,6.269165E-2,-1.5996884E-1,1.5052946E-1,-5.9661813E-2,-0E0,-1.2856193E-1,-1.5912188E-2,-1.5630929E-1,1.1606485E-1,-2.3701934E-3,1.8038575E-1,4.064874E-3,-8.047128E-2,2.3271425E-1,1.9649439E-1,-0E0,4.2880166E-2,-1.5589485E-1],"split_indices":[5905,3506,1,5964,1796,2718,3032,4750,3374,0,1495,3000,3222,0,1153,5980,361,5968,53,0,0,963,5275,68,2391,0,0,0,0,0,0,0,0,0,0,0,0,0,0,0,0,0,0],"split_type":[0,0,0,0,0,0,0,0,0,0,0,0,0,0,0,0,0,0,0,0,0,0,0,0,0,0,0,0,0,0,0,0,0,0,0,0,0,0,0,0,0,0,0],"sum_hessian":[8.8639264E2,4.7066168E2,4.15731E2,4.554166E2,1.5245083E1,3.6975375E2,4.5977234E1,1.3067214E1,4.423494E2,9.437432E0,5.8076506E0,3.424094E2,2.7344355E1,7.2595634E0,3.871767E1,6.291621E0,6.7755923E0,4.3944556E2,2.9038253E0,1.2099272E0,4.5977235E0,4.2831425E1,2.9957797E2,7.501549E0,1.9842806E1,1.4519126E0,3.726576E1,4.839709E0,1.4519126E0,1.2099272E0,5.5656652E0,7.2595634E0,4.32186E2,1.6938981E0,1.2099272E0,1.2341257E1,3.0490166E1,3.1458106E0,2.9643216E2,6.291621E0,1.2099272E0,1.2099272E0,1.863288E1],"tree_param":{"num_deleted":"0","num_feature":"6000","num_nodes":"43","size_leaf_vector":"1"}},{"base_weights":[-4.391001E-3,-1.3600094E0,1.3472859E0,-1.4192308E0,6.0033244E-1,1.6086124E0,-8.408841E-1,-2.0907685E-2,-1.4512584E0,1.7547485E-1,-1.143797E-1,1.7556958E0,-5.492558E-1,1.704678E-1,-1.3832184E0,6.8605113E-1,-1.1453364E-1,-1.610957E-1,-1.463328E0,5.1607555E-1,1.9596422E0,1.4857314E0,-1.3668172E0,8.4204026E-2,-1.5012844E0,1.4136416E-1,-6.560544E-2,-1.01347364E-1,9.864804E-2,-1.4700907E-1,-0E0,1.6310415E-1,-3.865268E-3,-7.188577E-2,1.99967E-1,-0E0,1.6390286E-1,-0E0,-1.4576627E-1,-0E0,-1.5250991E-1],"categories":[],"categories_nodes":[],"categories_segments":[],"categories_sizes":[],"default_left":[0,0,0,0,0,0,0,0,0,0,0,0,0,0,0,0,0,0,0,0,0,0,0,0,0,0,0,0,0,0,0,0,0,0,0,0,0,0,0,0,0],"id":1,"left_children":[1,3,5,7,9,11,13,15,17,-1,-1,19,21,-1,23,25,-1,27,29,31,33,35,37,-1,39,-1,-1,-1,-1,-1,-1,-1,-1,-1,-1,-1,-1,-1,-1,-1,-1],"loss_changes":[1.6150609E3,5.2802002E1,2.5428235E2,1.7679138E1,2.9039848E1,1.274375E2,6.732852E1,1.023096E1,4.648926E0,0E0,0E0,9.009741E1,4.435889E1,0E0,1.2396698E1,8.539884E0,0E0,6.6667013E0,4.6586914E0,3.526947E1,3.6686035E1,3.010044E-1,2.3555908E0,0E0,6.6970825E-2,0E0,0E0,0E0,0E0,0E0,0E0,0E0,0E0,0E0,0E0,0E0,0E0,0E0,0E0,0E0,0E0],"parents":[2147483647,0,0,1,1,2,2,3,3,4,4,5,5,6,6,7,7,8,8,11,11,12,12,14,14,15,15,17,17,18,18,19,19,20,20,21,21,22,22,24,24],"right_children":[2,4,6,8,10,12,14,16,18,-1,-1,20,22,-1,24,26,-1,28,30,32,34,36,38,-1,40,-1,-1,-1,-1,-1,-1,-1,-1,-1,-1,-1,-1,-1,-1,-1,-1],"split_conditions":[-1.05E2,1.95E2,-1.14E2,-7.12E2,-2.6E1,1.64E2,-1.81E2,-2.07E2,-1.03E2,1.7547485E-1,-1.143797E-1,5.4E1,1.83E2,1.704678E-1,-2.96E2,8.6E1,-1.1453364E-1,-1.1E1,1.3E2,-8.5E1,-1.67E2,-3.06E2,-8.2E1,8.4204026E-2,-1.38E2,1.4136416E-1,-6.560544E-2,-1.01347364E-1,9.864804E-2,-1.4700907E-1,-0E0,1.6310415E-1,-3.865268E-3,-7.188577E-2,1.99967E-1,-0E0,1.6390286E-1,-0E0,-1.4576627E-1,-0E0,-1.5250991E-1],"split_indices":[5881,3566,1,5926,1802,2592,3032,2929,5166,0,0,3000,3228,0,1153,213,0,4130,5958,3707,5665,1,2,0,38,0,0,0,0,0,0,0,0,0,0,0,0,0,0,0,0],"split_type":[0,0,0,0,0,0,0,0,0,0,0,0,0,0,0,0,0,0,0,0,0,0,0,0,0,0,0,0,0,0,0,0,0,0,0,0,0,0,0,0,0],"sum_hessian":[8.794043E2,4.3942825E2,4.39976E2,4.273056E2,1.2122656E1,3.9368164E2,4.629437E1,1.0304108E1,4.170015E2,7.635851E0,4.486805E0,3.691684E2,2.451325E1,7.430522E0,3.8863846E1,6.019814E0,4.2842937E0,4.7658124E0,4.122357E2,5.3347412E1,3.1582098E2,6.4408784E0,1.8072372E1,1.2224175E0,3.764143E1,4.35218E0,1.6676339E0,3.3016934E0,1.4641192E0,4.1059814E2,1.6375376E0,1.7678091E1,3.5669323E1,4.032611E0,3.1178836E2,1.2147427E0,5.2261357E0,1.1945754E0,1.6877798E1,1.1685815E0,3.6472847E1],"tree_param":{"num_deleted":"0","num_feature":"6000","num_nodes":"41","size_leaf_vector":"1"}},{"base_weights":[-5.59207E-3,-1.2274952E0,1.2641323E0,-1.3030936E0,7.5038546E-1,1.500176E0,-7.577125E-1,-3.3989653E-2,-1.3403465E0,1.6291325E-1,-6.3529575E-1,1.6423973E0,-4.23282E-1,1.5412362E-1,-1.2926184E0,-7.148147E-1,1.1457913E-1,-1.3564146E0,4.146396E-1,3.4769434E-2,-1.10703014E-1,4.9198273E-1,1.7980558E0,1.5366827E-1,-1.1214206E0,6.1508365E-2,-1.4157683E0,3.580842E-2,-1.1280425E-1,-2.4910232E-3,-1.3777205E-1,9.91264E-2,-3.621814E-3,-0E0,1.5739055E-1,-7.204122E-2,1.8285798E-1,-1.4123885E-1,7.28194E-2,-1.4396168E-1,-0E0],"categories":[],"categories_nodes":[],"categories_segments":[],"categories_sizes":[],"default_left":[0,0,0,0,0,0,0,0,0,0,0,0,0,0,0,0,0,0,0,0,0,0,0,0,0,0,0,0,0,0,0,0,0,0,0,0,0,0,0,0,0],"id":2,"left_children":[1,3,5,7,9,11,13,15,17,-1,19,21,23,-1,25,27,-1,29,31,-1,-1,33,35,-1,37,-1,39,-1,-1,-1,-1,-1,-1,-1,-1,-1,-1,-1,-1,-1,-1],"loss_changes":[1.3397306E3,6.7389465E1,2.0379358E2,1.8677612E1,2.1953312E1,1.057655E2,5.6406628E1,1.1563928E1,1.312738E1,0E0,4.2175817E0,6.0249817E1,3.749833E1,0E0,1.0354115E1,5.596668E0,0E0,1.01727295E1,2.0154576E0,0E0,0E0,2.4086643E1,2.632019E1,0E0,1.2721834E1,0E0,5.2505493E-2,0E0,0E0,0E0,0E0,0E0,0E0,0E0,0E0,0E0,0E0,0E0,0E0,0E0,0E0],"parents":[2147483647,0,0,1,1,2,2,3,3,4,4,5,5,6,6,7,7,8,8,10,10,11,11,12,12,14,14,15,15,17,17,18,18,21,21,22,22,24,24,26,26],"right_children":[2,4,6,8,10,12,14,16,18,-1,20,22,24,-1,26,28,-1,30,32,-1,-1,34,36,-1,38,-1,40,-1,-1,-1,-1,-1,-1,-1,-1,-1,-1,-1,-1,-1,-1],"split_conditions":[-7.8E1,1.98E2,-1.14E2,-6E1,-2E1,1.74E2,-1.81E2,6.1E1,2.15E2,1.6291325E-1,3.2E1,4.7E1,1.12E2,1.5412362E-1,-1.65E2,-3.29E2,1.1457913E-1,-8.19E2,-2.5E1,3.4769434E-2,-1.10703014E-1,8.1E1,-1.99E2,1.5366827E-1,4E2,6.1508365E-2,4.18E2,3.580842E-2,-1.1280425E-1,-2.4910232E-3,-1.3777205E-1,9.91264E-2,-3.621814E-3,-0E0,1.5739055E-1,-7.204122E-2,1.8285798E-1,-1.4123885E-1,7.28194E-2,-1.4396168E-1,-0E0],"split_indices":[5905,3506,1,5886,1796,2682,3032,5984,3374,0,2846,3000,2592,0,1322,5937,0,5968,1197,0,0,1630,5275,0,2976,0,9,0,0,0,0,0,0,0,0,0,0,0,0,0,0],"split_type":[0,0,0,0,0,0,0,0,0,0,0,0,0,0,0,0,0,0,0,0,0,0,0,0,0,0,0,0,0,0,0,0,0,0,0,0,0,0,0,0,0],