{"learner":{"attributes":{"best_iteration":"4","best_score":"0.4270616301427543"},"feature_names":[],"feature_types":[],"gradient_booster":{"model":{"gbtree_model_param":{"num_parallel_tree":"1","num_trees":"5"},"iteration_indptr":[0,1,2,3,4,5],"tree_info":[0,0,0,0,0],"trees":[{"base_weights":[-0E0,-1.4096552E0,1.4644783E0,-1.4787279E0,-0E0,1.7617636E0,-5.8557457E-1,-0E0,-1.5196239E0,6.4387254E-2,-0E0,1.9553497E0,-1.4694405E-1,4.1956896E-1,-1.2215524E-1,-0E0,-1.5346142E0,3.0193362E-1,2.2617674E0,-0E0,-8.498326E-2,-0E0,7.662322E-2,-0E0,-1.5406694E0,-1.21228345E-1,7.7555037E-1,-0E0,2.3207042E0,1.6617253E-2,-0E0,-1.5467729E-1,-0E0,-4.783832E-2,-0E0,-0E0,1.1239276E-1,2.3390011E-1,-0E0],"categories":[],"categories_nodes":[],"categories_segments":[],"categories_sizes":[],"default_left":[0,0,0,0,0,0,0,0,0,0,0,0,0,0,0,0,0,0,0,0,0,0,0,0,0,0,0,0,0,0,0,0,0,0,0,0,0,0,0],"id":0,"left_children":[1,3,5,7,9,11,13,-1,15,-1,-1,17,19,21,-1,-1,23,25,27,29,-1,-1,-1,-1,31,33,35,-1,37,-1,-1,-1,-1,-1,-1,-1,-1,-1,-1],"loss_changes":[1.3049146E3,4.558246E1,2.010437E2,2.1377197E1,2.8059618E0,1.1971582E2,3.1296032E1,0E0,7.272583E0,0E0,0E0,1.0228729E2,1.0674454E1,2.7683349E0,0E0,0E0,2.814392E0,1.5845371E1,3.441382E1,1.6034907E-1,0E0,0E0,0E0,0E0,2.836731E0,2.6085842E0,1.3010197E1,0E0,8.25769E0,0E0,0E0,0E0,0E0,0E0,0E0,0E0,0E0,0E0,0E0],"parents":[2147483647,0,0,1,1,2,2,3,3,4,4,5,5,6,6,8,8,11,11,12,12,13,13,16,16,17,17,18,18,19,19,24,24,25,25,26,26,28,28],"right_children":[2,4,6,8,10,12,14,-1,16,-1,-1,18,20,22,-1,-1,24,26,28,30,-1,-1,-1,-1,32,34,36,-1,38,-1,-1,-1,-1,-1,-1,-1,-1,-1,-1],"split_conditions":[-1.14E2,1.91E2,-1.14E2,-7.04E2,-3.1E1,1.84E2,-4.6E1,-0E0,-1.09E2,6.4387254E-2,-0E0,5.3E1,2.14E2,-5.3E1,-1.2215524E-1,-0E0,-2.76E2,-2.02E2,-1.07E2,1.58E2,-8.498326E-2,-0E0,7.662322E-2,-0E0,9.9E1,2.48E2,-5.9E1,-0E0,1.638E3,1.6617253E-2,-0E0,-1.5467729E-1,-0E0,-4.783832E-2,-0E0,-0E0,1.1239276E-1,2.3390011E-1,-0E0],"split_indices":[5731,3566,37,5932,1628,2718,2018,0,5178,0,0,3000,2790,3487,0,0,2,4148,5941,2391,0,0,0,0,5556,3460,3012,0,2243,0,0,0,0,0,0,0,0,0,0],"split_type":[0,0,0,0,0,0,0,0,0,0,0,0,0,0,0,0,0,0,0,0,0,0,0,0,0,0,0,0,0,0,0,0,0,0,0,0,0,0,0],"sum_hessian":[6.3019086E2,3.2230588E2,3.07885E2,3.1365335E2,8.652507E0,2.73275E2,3.4610027E1,7.4507694E0,3.0620258E2,5.7683377E0,2.8841689E0,2.5284546E2,2.042953E1,7.4507694E0,2.7159256E1,2.8841689E0,3.0331842E2,4.4944965E1,2.079005E2,6.008685E0,1.4420844E1,1.201737E0,6.2490325E0,1.201737E0,3.0211667E2,1.297876E1,3.1966204E1,4.085906E0,2.0381459E2,4.806948E0,1.201737E0,3.0091495E2,1.201737E0,1.1296328E1,1.6824318E0,6.9700747E0,2.499613E1,2.0213216E2,1.6824318E0],"tree_param":{"num_deleted":"0","num_feature":"6000","num_nodes":"39","size_leaf_vector":"1"}},{"base_weights":[-0E0,-1.3068979E0,1.2982742E0,-1.3887396E0,1.4400555E-1,1.5656058E0,-5.134014E-1,-0E0,-1.4141483E0,8.439674E-2,-0E0,1.7323537E0,-1.0715157E-1,3.7957227E-1,-1.1762363E-1,-0E0,-1.43349E0,2.3568487E-1,1.9608591E0,-7.78444E-1,6.0885837E-3,7.133608E-2,-0E0,-1.4429828E0,-0E0,1.0453291E0,-0E0,-0E0,2.010617E0,-0E0,-8.4407896E-2,-0E0,-1.4491552E-1,1.21452056E-1,-0E0,-2.263425E-2,1.0924847E-2,2.0259504E-1,-0E0],"categories":[],"categories_nodes":[],"categories_segments":[],"categories_sizes":[],"default_left":[0,0,0,0,0,0,0,0,0,0,0,0,0,0,0,0,0,0,0,0,0,0,0,0,0,0,0,0,0,0,0,0,0,0,0,0,0,0,0],"id":1,"left_children":[1,3,5,7,9,11,13,-1,15,-1,-1,17,19,21,-1,-1,23,25,27,29,-1,-1,-1,31,-1,33,35,-1,37,-1,-1,-1,-1,-1,-1,-1,-1,-1,-1],"loss_changes":[1.0651818E3,5.0003296E1,1.6300311E2,1.0301147E1,5.510285E0,9.396973E1,2.9847542E1,0E0,6.0718994E0,0E0,0E0,6.589703E1,9.55826E0,2.8448236E0,0E0,0E0,5.5612183E0,1.1824802E1,2.9845032E1,8.720722E-1,0E0,0E0,0E0,2.7512817E0,0E0,2.8069458E0,1.1926472E0,0E0,6.35907E0,0E0,0E0,0E0,0E0,0E0,0E0,0E0,0E0,0E0,0E0],"parents":[2147483647,0,0,1,1,2,2,3,3,4,4,5,5,6,6,8,8,11,11,12,12,13,13,16,16,17,17,18,18,19,19,23,23,25,25,26,26,28,28],"right_children":[2,4,6,8,10,12,14,-1,16,-1,-1,18,20,22,-1,-1,24,26,28,30,-1,-1,-1,32,-1,34,36,-1,38,-1,-1,-1,-1,-1,-1,-1,-1,-1,-1],"split_conditions":[-1.05E2,1.91E2,-1.06E2,-8.8E1,-3.1E1,1.84E2,-4.3E1,-0E0,-8.15E2,8.439674E-2,-0E0,4.7E1,4.68E2,2.14E2,-1.1762363E-1,-0E0,1.71E2,-6.8E1,-1.24E2,3E0,6.0885837E-3,7.133608E-2,-0E0,-1.43E2,-0E0,-7.8E1,7.8E1,-0E0,1.693E3,-0E0,-8.4407896E-2,-0E0,-1.4491552E-1,1.21452056E-1,-0E0,-2.263425E-2,1.0924847E-2,2.0259504E-1,-0E0],"split_indices":[5929,3566,913,5880,1628,2718,1814,0,5968,0,0,3000,3000,5487,0,0,5976,963,5803,130,0,0,0,4512,0,2131,5708,0,2285,0,0,0,0,0,0,0,0,0,0],"split_type":[0,0,0,0,0,0,0,0,0,0,0,0,0,0,0,0,0,0,0,0,0,0,0,0,0,0,0,0,0,0,0,0,0,0,0,0,0,0,0],"sum_hessian":[6.257687E2,3.1359158E2,3.1217706E2,3.0341202E2,1.017958E1,2.7696378E2,3.5213303E1,5.6897655E0,2.9772223E2,7.061597E0,3.1179829E0,2.5726132E2,1.970244E1,8.756776E0,2.6456526E1,5.0519123E0,2.9267032E2,4.0140747E1,2.1712059E2,1.5131525E1,4.5709157E0,7.3526607E0,1.4041148E0,2.9149002E2,1.1803145E0,1.191287E1,2.8227875E1,3.2796905E0,2.138409E2,1.1871982E0,1.3944326E1,1.1761851E0,2.9031384E2,1.046869E1,1.4441807E0,2.0169514E1,8.058361E0,2.121505E2,1.6904054E0],"tree_param":{"num_deleted":"0","num_feature":"6000","num_nodes":"39","size_leaf_vector":"1"}},{"base_weights":[-0E0,-1.233527E0,1.1625117E0,-1.3053323E0,-0E0,1.3762034E0,-7.2223824E-1,-0E0,-1.3357621E0,6.1566114E-2,-0E0,1.5363328E0,-1.8208231E-1,-0E0,-1.0728276E-1,-0E0,-1.3537257E0,2.483197E-1,1.7587339E0,-8.561533E-2,-0E0,-1.3599228E0,-0E0,-6.0077254E-2,7.448532E-1,-0E0,1.796969E0,-0E0,-1.3663831E-1,-5.4226644E-2,-0E0,-0E0,1.1937876E-1,1.8221764E-1,-0E0],"categories":[],"categories_nodes":[],"categories_segments":[],"categories_sizes":[],"default_left":[0,0,0,0,0,0,0,0,0,0,0,0,0,0,0,0,0,0,0,0,0,0,0,0,0,0,0,0,0,0,0,0,0,0,0],"id":2,"left_children":[1,3,5,7,9,11,13,-1,15,-1,-1,17,19,-1,-1,-1,21,23,25,-1,-1,27,-1,29,31,-1,33,-1,-1,-1,-1,-1,-1,-1,-1],"loss_changes":[8.8360297E2,3.7769257E1,1.3451343E2,1.1802368E1,2.805463E0,8.575647E1,1.42083845E1,0E0,7.298004E0,0E0,0E0,5.6074646E1,1.1032407E1,0E0,0E0,0E0,2.576233E0,1.41125765E1,2.1943665E1,0E0,0E0,2.4193726E0,0E0,4.2467947E0,1.4902891E1,0E0,1.4613525E1,0E0,0E0,0E0,0E0,0E0,0E0,0E0,0E0],"parents":[2147483647,0,0,1,1,2,2,3,3,4,4,5,5,6,6,8,8,11,11,12,12,16,16,17,17,18,18,21,21,23,23,24,24,26,26],"right_children":[2,4,6,8,10,12,14,-1,16,-1,-1,18,20,-1,-1,-1,22,24,26,-1,-1,28,-1,30,32,-1,34,-1,-1,-1,-1,-1,-1,-1,-1],"split_conditions":[-1.06E2,1.91E2,-6.9E1,-6.97E2,-3.1E1,1.55E2,-1.3E2,-0E0,-1.02E2,6.1566114E-2,-0E0,5.4E1,4.68E2,-0E0,-1.0728276E-1,-0E0,1.31E2,-2.12E2,-2.15E2,-8.561533E-2,-0E0,-2.38E2,-0E0,2.48E2,-3.1E1,-0E0,1.75E2,-0E0,-1.3663831E-1,-5.4226644E-2,-0E0,-0E0,1.1937876E-1,1.8221764E-1,-0E0],"split_indices":[5833,3566,439,5938,1628,2592,3596,0,5166,0,0,3000,3000,0,0,0,5952,5588,5959,0,0,2988,0,3460,2994,0,20,0,0,0,0,0,0,0,0],"split_type":[0,0,0,0,0,0,0,0,0,0,0,0,0,0,0,0,0,0,0,0,0,0,0,0,0,0,0,0,0,0,0,0,0,0,0],"sum_hessian":[6.139674E2,2.9968967E2,3.1427774E2,2.896846E2,1.0005087E1,2.8728152E2,2.6996231E1,6.478484E0,2.8320612E2,6.401523E0,3.6035633E0,2.6634344E2,2.0938059E1,2.9631886E0,2.4033043E1,3.5102499E0,2.7969586E2,4.6150105E1,2.2019336E2,1.5043338E1,5.8947215E0,2.7853647E2,1.1594024E0,1.6587183E1,2.956292E1,2.5171914E0,2.1767616E2,1.341228E0,2.7719522E2,1.365815E1,2.929033E0,8.207474E0,2.1355446E1,2.1606909E2,1.6070766E0],"tree_param":{"num_deleted":"0","num_feature":"6000","num_nodes":"35","size_leaf_vector":"1"}},{"base_weights":[-0E0,-1.1639186E0,1.055985E0,-1.236071E0,-0E0,1.2823303E0,-3.7897906E-1,-0E0,-1.2660577E0,5.6691196E-2,-0E0,1.4308541E0,-1.0255098E-1,2.52907E-1,-9.9928E-1,-0E0,-1.2841214E0,2.2958949E-1,1.6405681E0,-7.2377735E-1,-0E0,-0E0,5.593553E-2,-0E0,-1.0431601E-1,-1.2904215E0,-0E0,-4.0050436E-2,6.9116133E-1,-0E0,1.6625904E0,-0E0,-7.855298E-2,-0E0,-1.2968577E-1,-0E0,-5.0000425E-2,-0E0,1.0479694E-1,1.6776143E-1,-0E0],"categories":[],"categories_nodes":[],"categories_segments":[],"categories_sizes":[],